mdl,rt,C,recall,FAR,lead_min,n_events_anticipated
raw,r0p01,10,0.44554455445544555,0.01090909090909091,8.08695652173913,23
raw,r0p01,15,0.3684210526315789,0.007668711656441718,7.5,14
raw,r0p01,20,0.37037037037037035,0.006349206349206349,8.100000000000001,10
raw,r0p01,25,0.35714285714285715,0.004885993485342019,8.571428571428571,7
raw,r0p01,30,0.375,0.0025041736227045075,8.571428571428571,7
diff,r0p01,10,0.6534653465346535,0.03345454545454545,9.964285714285715,28
diff,r0p01,15,0.6447368421052632,0.029141104294478526,10.333333333333334,18
diff,r0p01,20,0.6296296296296297,0.023809523809523808,10.384615384615385,13
diff,r0p01,25,0.6190476190476191,0.021986970684039087,10.2,10
diff,r0p01,30,0.625,0.020868113522537562,11.0,9
diff2,r0p01,10,0.6435643564356436,0.15854545454545454,10.071428571428571,28
diff2,r0p01,15,0.618421052631579,0.1579754601226994,10.666666666666666,18
diff2,r0p01,20,0.5555555555555556,0.15555555555555556,10.615384615384615,13
diff2,r0p01,25,0.5714285714285714,0.15472312703583063,11.100000000000001,10
diff2,r0p01,30,0.575,0.15358931552587646,12.0,9
union,r0p01,10,0.7227722772277227,0.16290909090909092,10.821428571428571,28
union,r0p01,15,0.7105263157894737,0.16180981595092025,11.166666666666668,18
union,r0p01,20,0.6851851851851852,0.15793650793650793,11.307692307692307,13
union,r0p01,25,0.6904761904761905,0.15716612377850162,11.399999999999999,10
union,r0p01,30,0.7,0.15609348914858096,12.333333333333332,9
Time-MoE,r0p01,10,0.39603960396039606,0.010181818181818183,7.428571428571429,21
Time-MoE,r0p01,15,0.3815789473684211,0.006901840490797546,7.153846153846153,13
Time-MoE,r0p01,20,0.3333333333333333,0.0031746031746031746,7.5,8
Time-MoE,r0p01,25,0.30952380952380953,0.0024429967426710096,7.800000000000001,5
Time-MoE,r0p01,30,0.3,0.001669449081803005,9.0,4
Sundial,r0p01,10,0.33663366336633666,0.004363636363636364,7.764705882352942,17
Sundial,r0p01,15,0.3157894736842105,0.0023006134969325155,7.5,10
Sundial,r0p01,20,0.24074074074074073,0.0015873015873015873,8.399999999999999,5
Sundial,r0p01,25,0.21428571428571427,0.0016286644951140066,10.0,3
Sundial,r0p01,30,0.225,0.0008347245409015025,10.0,3
CNNLSTM,r0p01,10,0.009900990099009901,0.0,3.0,1
CNNLSTM,r0p01,15,0.0,0.0,,0
CNNLSTM,r0p01,20,0.0,0.0,,0
CNNLSTM,r0p01,25,0.0,0.0,,0
CNNLSTM,r0p01,30,0.0,0.0,,0
DiPCALSTM,r0p01,10,0.04950495049504951,0.0,5.571428571428571,7
DiPCALSTM,r0p01,15,0.039473684210526314,0.0,3.0,3
DiPCALSTM,r0p01,20,0.037037037037037035,0.0,3.0,2
DiPCALSTM,r0p01,25,0.023809523809523808,0.0,3.0,1
DiPCALSTM,r0p01,30,0.025,0.0,3.0,1
LSTMGRU,r0p01,10,0.0297029702970297,0.0007272727272727272,6.0,3
LSTMGRU,r0p01,15,0.02631578947368421,0.0007668711656441718,7.5,2
LSTMGRU,r0p01,20,0.037037037037037035,0.0007936507936507937,7.5,2
LSTMGRU,r0p01,25,0.047619047619047616,0.0008143322475570033,7.5,2
LSTMGRU,r0p01,30,0.05,0.0008347245409015025,7.5,2
STAConvBiLSTM,r0p01,10,0.0297029702970297,0.0007272727272727272,6.6000000000000005,5
STAConvBiLSTM,r0p01,15,0.0,0.0007668711656441718,,0
STAConvBiLSTM,r0p01,20,0.0,0.0007936507936507937,,0
STAConvBiLSTM,r0p01,25,0.0,0.0008143322475570033,,0
STAConvBiLSTM,r0p01,30,0.0,0.0008347245409015025,,0
TCNTransformer,r0p01,10,0.04950495049504951,0.0014545454545454545,4.800000000000001,5
TCNTransformer,r0p01,15,0.05263157894736842,0.0015337423312883436,5.25,4
TCNTransformer,r0p01,20,0.07407407407407407,0.0015873015873015873,5.25,4
TCNTransformer,r0p01,25,0.07142857142857142,0.0016286644951140066,4.0,3
TCNTransformer,r0p01,30,0.05,0.001669449081803005,4.5,2
raw,r0p05,10,0.6039603960396039,0.015272727272727273,8.464285714285715,28
raw,r0p05,15,0.5263157894736842,0.012269938650306749,8.0,18
raw,r0p05,20,0.46296296296296297,0.009523809523809525,7.615384615384615,13
raw,r0p05,25,0.47619047619047616,0.006514657980456026,7.800000000000001,10
raw,r0p05,30,0.475,0.005008347245409015,8.333333333333332,9
diff,r0p05,10,0.6039603960396039,0.03345454545454545,8.785714285714285,28
diff,r0p05,15,0.6052631578947368,0.03144171779141104,9.666666666666668,18
diff,r0p05,20,0.5925925925925926,0.02619047619047619,9.923076923076923,13
diff,r0p05,25,0.5952380952380952,0.02280130293159609,10.2,10
diff,r0p05,30,0.6,0.021702838063439065,11.0,9
diff2,r0p05,10,0.693069306930693,0.12581818181818183,10.178571428571429,28
diff2,r0p05,15,0.6710526315789473,0.12653374233128833,10.833333333333334,18
diff2,r0p05,20,0.6481481481481481,0.12301587301587301,10.846153846153847,13
diff2,r0p05,25,0.6666666666666666,0.12214983713355049,11.399999999999999,10
diff2,r0p05,30,0.675,0.12103505843071787,12.333333333333332,9
union,r0p05,10,0.7326732673267327,0.13163636363636363,10.178571428571429,28
union,r0p05,15,0.7236842105263158,0.13190184049079753,10.833333333333334,18
union,r0p05,20,0.7037037037037037,0.12698412698412698,10.846153846153847,13
union,r0p05,25,0.7380952380952381,0.1254071661237785,11.399999999999999,10
union,r0p05,30,0.75,0.12437395659432388,12.333333333333332,9
Time-MoE,r0p05,10,0.39603960396039606,0.010181818181818183,7.428571428571429,21
Time-MoE,r0p05,15,0.3815789473684211,0.006901840490797546,7.153846153846153,13
Time-MoE,r0p05,20,0.3333333333333333,0.0031746031746031746,7.5,8
Time-MoE,r0p05,25,0.30952380952380953,0.0024429967426710096,7.800000000000001,5
Time-MoE,r0p05,30,0.3,0.001669449081803005,9.0,4
Sundial,r0p05,10,0.33663366336633666,0.004363636363636364,7.764705882352942,17
Sundial,r0p05,15,0.3157894736842105,0.0023006134969325155,7.5,10
Sundial,r0p05,20,0.24074074074074073,0.0015873015873015873,8.399999999999999,5
Sundial,r0p05,25,0.21428571428571427,0.0016286644951140066,10.0,3
Sundial,r0p05,30,0.225,0.0008347245409015025,10.0,3
CNNLSTM,r0p05,10,0.0594059405940594,0.0,5.25,4
CNNLSTM,r0p05,15,0.05263157894736842,0.0,7.5,2
CNNLSTM,r0p05,20,0.07407407407407407,0.0,7.5,2
CNNLSTM,r0p05,25,0.09523809523809523,0.0,7.5,2
CNNLSTM,r0p05,30,0.1,0.0,7.5,2
DiPCALSTM,r0p05,10,0.07920792079207921,0.0007272727272727272,4.5,6
DiPCALSTM,r0p05,15,0.07894736842105263,0.0007668711656441718,5.25,4
DiPCALSTM,r0p05,20,0.09259259259259259,0.0007936507936507937,6.0,3
DiPCALSTM,r0p05,25,0.11904761904761904,0.0008143322475570033,6.0,3
DiPCALSTM,r0p05,30,0.125,0.0008347245409015025,6.0,3
LSTMGRU,r0p05,10,0.009900990099009901,0.0,3.0,1
LSTMGRU,r0p05,15,0.0,0.0,,0
LSTMGRU,r0p05,20,0.0,0.0,,0
LSTMGRU,r0p05,25,0.0,0.0,,0
LSTMGRU,r0p05,30,0.0,0.0,,0
STAConvBiLSTM,r0p05,10,0.36633663366336633,0.02909090909090909,8.333333333333332,18
STAConvBiLSTM,r0p05,15,0.27631578947368424,0.029141104294478526,7.800000000000001,10
STAConvBiLSTM,r0p05,20,0.25925925925925924,0.03015873015873016,8.142857142857142,7
STAConvBiLSTM,r0p05,25,0.2857142857142857,0.030944625407166124,10.2,5
STAConvBiLSTM,r0p05,30,0.3,0.03171953255425709,10.2,5
TCNTransformer,r0p05,10,0.18811881188118812,0.008,5.5,12
TCNTransformer,r0p05,15,0.17105263157894737,0.00843558282208589,5.25,8
TCNTransformer,r0p05,20,0.16666666666666666,0.005555555555555556,6.0,5
TCNTransformer,r0p05,25,0.11904761904761904,0.004071661237785016,3.5999999999999996,5
TCNTransformer,r0p05,30,0.075,0.0008347245409015025,4.0,3
raw,r0p1,10,0.6336633663366337,0.01309090909090909,8.892857142857142,28
raw,r0p1,15,0.5921052631578947,0.012269938650306749,9.0,18
raw,r0p1,20,0.5185185185185185,0.010317460317460317,8.307692307692307,13
raw,r0p1,25,0.5476190476190477,0.007328990228013029,8.7,10
raw,r0p1,30,0.55,0.00667779632721202,9.333333333333334,9
diff,r0p1,10,0.6435643564356436,0.02690909090909091,9.214285714285715,28
diff,r0p1,15,0.6578947368421053,0.023773006134969327,10.333333333333334,18
diff,r0p1,20,0.6666666666666666,0.01984126984126984,10.846153846153847,13
diff,r0p1,25,0.6904761904761905,0.01710097719869707,11.399999999999999,10
diff,r0p1,30,0.7,0.015859766277128547,12.333333333333332,9
diff2,r0p1,10,0.7128712871287128,0.10618181818181818,10.285714285714285,28
diff2,r0p1,15,0.6973684210526315,0.10429447852760736,11.0,18
diff2,r0p1,20,0.6851851851851852,0.10238095238095238,11.076923076923077,13
diff2,r0p1,25,0.6904761904761905,0.10097719869706841,11.399999999999999,10
diff2,r0p1,30,0.7,0.0993322203672788,12.333333333333332,9
union,r0p1,10,0.7821782178217822,0.11345454545454546,10.714285714285715,28
union,r0p1,15,0.7894736842105263,0.11042944785276074,11.666666666666666,18
union,r0p1,20,0.7962962962962963,0.10714285714285714,12.0,13
union,r0p1,25,0.8095238095238095,0.10504885993485343,12.299999999999999,10
union,r0p1,30,0.825,0.10267111853088481,13.333333333333334,9
Time-MoE,r0p1,10,0.39603960396039606,0.010181818181818183,7.428571428571429,21
Time-MoE,r0p1,15,0.3815789473684211,0.006901840490797546,7.153846153846153,13
Time-MoE,r0p1,20,0.3333333333333333,0.0031746031746031746,7.5,8
Time-MoE,r0p1,25,0.30952380952380953,0.0024429967426710096,7.800000000000001,5
Time-MoE,r0p1,30,0.3,0.001669449081803005,9.0,4
Sundial,r0p1,10,0.33663366336633666,0.004363636363636364,7.764705882352942,17
Sundial,r0p1,15,0.3157894736842105,0.0023006134969325155,7.5,10
Sundial,r0p1,20,0.24074074074074073,0.0015873015873015873,8.399999999999999,5
Sundial,r0p1,25,0.21428571428571427,0.0016286644951140066,10.0,3
Sundial,r0p1,30,0.225,0.0008347245409015025,10.0,3
CNNLSTM,r0p1,10,0.039603960396039604,0.0,6.0,3
CNNLSTM,r0p1,15,0.039473684210526314,0.0,7.5,2
CNNLSTM,r0p1,20,0.05555555555555555,0.0,7.5,2
CNNLSTM,r0p1,25,0.07142857142857142,0.0,7.5,2
CNNLSTM,r0p1,30,0.075,0.0,7.5,2
DiPCALSTM,r0p1,10,0.07920792079207921,0.0007272727272727272,4.800000000000001,5
DiPCALSTM,r0p1,15,0.07894736842105263,0.0007668711656441718,6.0,3
DiPCALSTM,r0p1,20,0.09259259259259259,0.0007936507936507937,7.5,2
DiPCALSTM,r0p1,25,0.11904761904761904,0.0008143322475570033,7.5,2
DiPCALSTM,r0p1,30,0.125,0.0008347245409015025,7.5,2
LSTMGRU,r0p1,10,0.04950495049504951,0.0,4.5,4
LSTMGRU,r0p1,15,0.05263157894736842,0.0,5.0,3
LSTMGRU,r0p1,20,0.07407407407407407,0.0,5.0,3
LSTMGRU,r0p1,25,0.047619047619047616,0.0,4.5,2
LSTMGRU,r0p1,30,0.05,0.0,4.5,2
STAConvBiLSTM,r0p1,10,0.45544554455445546,0.04,9.5,18
STAConvBiLSTM,r0p1,15,0.4342105263157895,0.0299079754601227,10.2,10
STAConvBiLSTM,r0p1,20,0.3148148148148148,0.03015873015873016,8.5,6
STAConvBiLSTM,r0p1,25,0.30952380952380953,0.030944625407166124,9.75,4
STAConvBiLSTM,r0p1,30,0.325,0.03005008347245409,9.75,4
TCNTransformer,r0p1,10,0.38613861386138615,0.012363636363636363,6.88235294117647,17
TCNTransformer,r0p1,15,0.35526315789473684,0.010736196319018405,7.363636363636363,11
TCNTransformer,r0p1,20,0.2962962962962963,0.009523809523809525,6.857142857142857,7
TCNTransformer,r0p1,25,0.21428571428571427,0.008957654723127036,5.4,5
TCNTransformer,r0p1,30,0.175,0.009181969949916527,7.0,3
raw,r0p25,10,0.5841584158415841,0.016,8.464285714285715,28
raw,r0p25,15,0.5394736842105263,0.01687116564417178,8.166666666666668,18
raw,r0p25,20,0.48148148148148145,0.013492063492063493,7.846153846153847,13
raw,r0p25,25,0.5,0.009771986970684038,8.100000000000001,10
raw,r0p25,30,0.5,0.008347245409015025,8.666666666666666,9
diff,r0p25,10,0.6336633663366337,0.02327272727272727,9.11111111111111,27
diff,r0p25,15,0.6578947368421053,0.019938650306748466,10.235294117647058,17
diff,r0p25,20,0.6666666666666666,0.016666666666666666,10.75,12
diff,r0p25,25,0.7142857142857143,0.013843648208469055,11.100000000000001,10
diff,r0p25,30,0.725,0.012520868113522538,12.0,9
diff2,r0p25,10,0.7227722772277227,0.08363636363636363,10.392857142857142,28
diff2,r0p25,15,0.7105263157894737,0.08282208588957055,11.0,18
diff2,r0p25,20,0.7037037037037037,0.07936507936507936,11.307692307692307,13
diff2,r0p25,25,0.7142857142857143,0.0781758957654723,11.7,10
diff2,r0p25,30,0.725,0.07679465776293823,12.666666666666668,9
union,r0p25,10,0.7821782178217822,0.088,10.607142857142858,28
union,r0p25,15,0.7894736842105263,0.08588957055214724,11.5,18
union,r0p25,20,0.7962962962962963,0.08253968253968254,11.769230769230768,13
union,r0p25,25,0.8333333333333334,0.08061889250814332,12.299999999999999,10
union,r0p25,30,0.85,0.07846410684474124,13.333333333333334,9
Time-MoE,r0p25,10,0.39603960396039606,0.010181818181818183,7.428571428571429,21
Time-MoE,r0p25,15,0.3815789473684211,0.006901840490797546,7.153846153846153,13
Time-MoE,r0p25,20,0.3333333333333333,0.0031746031746031746,7.5,8
Time-MoE,r0p25,25,0.30952380952380953,0.0024429967426710096,7.800000000000001,5
Time-MoE,r0p25,30,0.3,0.001669449081803005,9.0,4
Sundial,r0p25,10,0.33663366336633666,0.004363636363636364,7.764705882352942,17
Sundial,r0p25,15,0.3157894736842105,0.0023006134969325155,7.5,10
Sundial,r0p25,20,0.24074074074074073,0.0015873015873015873,8.399999999999999,5
Sundial,r0p25,25,0.21428571428571427,0.0016286644951140066,10.0,3
Sundial,r0p25,30,0.225,0.0008347245409015025,10.0,3
CNNLSTM,r0p25,10,0.06930693069306931,0.0007272727272727272,4.0,6
CNNLSTM,r0p25,15,0.039473684210526314,0.0007668711656441718,4.0,3
CNNLSTM,r0p25,20,0.037037037037037035,0.0007936507936507937,4.5,2
CNNLSTM,r0p25,25,0.047619047619047616,0.0008143322475570033,4.5,2
CNNLSTM,r0p25,30,0.025,0.0,6.0,1
DiPCALSTM,r0p25,10,0.09900990099009901,0.0007272727272727272,5.0,6
DiPCALSTM,r0p25,15,0.10526315789473684,0.0007668711656441718,6.0,4
DiPCALSTM,r0p25,20,0.12962962962962962,0.0007936507936507937,7.0,3
DiPCALSTM,r0p25,25,0.11904761904761904,0.0008143322475570033,7.5,2
DiPCALSTM,r0p25,30,0.125,0.0008347245409015025,7.5,2
LSTMGRU,r0p25,10,0.06930693069306931,0.0,5.0,6
LSTMGRU,r0p25,15,0.06578947368421052,0.0,6.0,4
LSTMGRU,r0p25,20,0.09259259259259259,0.0,6.0,4
LSTMGRU,r0p25,25,0.07142857142857142,0.0,6.0,3
LSTMGRU,r0p25,30,0.075,0.0,6.0,3
STAConvBiLSTM,r0p25,10,0.45544554455445546,0.012363636363636363,7.4399999999999995,25
STAConvBiLSTM,r0p25,15,0.4473684210526316,0.009969325153374233,7.5,16
STAConvBiLSTM,r0p25,20,0.4444444444444444,0.010317460317460317,8.181818181818182,11
STAConvBiLSTM,r0p25,25,0.47619047619047616,0.008957654723127036,8.666666666666666,9
STAConvBiLSTM,r0p25,30,0.475,0.008347245409015025,9.375,8
TCNTransformer,r0p25,10,0.49504950495049505,0.010181818181818183,7.173913043478261,23
TCNTransformer,r0p25,15,0.47368421052631576,0.009969325153374233,7.6875,16
TCNTransformer,r0p25,20,0.4444444444444444,0.010317460317460317,7.909090909090908,11
TCNTransformer,r0p25,25,0.5,0.007328990228013029,8.666666666666666,9
TCNTransformer,r0p25,30,0.5,0.007512520868113523,9.375,8
raw,r0p5,10,0.6435643564356436,0.02109090909090909,8.892857142857142,28
raw,r0p5,15,0.618421052631579,0.018404907975460124,9.0,18
raw,r0p5,20,0.5555555555555556,0.014285714285714285,8.538461538461538,13
raw,r0p5,25,0.5714285714285714,0.010586319218241042,8.7,10
raw,r0p5,30,0.575,0.01001669449081803,9.333333333333334,9
diff,r0p5,10,0.6336633663366337,0.01309090909090909,9.346153846153847,26
diff,r0p5,15,0.6447368421052632,0.010736196319018405,9.705882352941178,17
diff,r0p5,20,0.6481481481481481,0.00873015873015873,10.0,12
diff,r0p5,25,0.6904761904761905,0.005700325732899023,10.2,10
diff,r0p5,30,0.7,0.005008347245409015,11.0,9
diff2,r0p5,10,0.6831683168316832,0.07927272727272727,9.923076923076923,26
diff2,r0p5,15,0.6710526315789473,0.07668711656441718,11.0625,16
diff2,r0p5,20,0.7037037037037037,0.07301587301587302,11.5,12
diff2,r0p5,25,0.7380952380952381,0.07003257328990228,11.399999999999999,10
diff2,r0p5,30,0.75,0.07011686143572621,12.333333333333332,9
union,r0p5,10,0.7623762376237624,0.08072727272727273,10.666666666666666,27
union,r0p5,15,0.7236842105263158,0.07668711656441718,10.941176470588236,17
union,r0p5,20,0.7407407407407407,0.07301587301587302,11.5,12
union,r0p5,25,0.7857142857142857,0.07003257328990228,11.399999999999999,10
union,r0p5,30,0.8,0.07011686143572621,12.333333333333332,9
Time-MoE,r0p5,10,0.39603960396039606,0.010181818181818183,7.428571428571429,21
Time-MoE,r0p5,15,0.3815789473684211,0.006901840490797546,7.153846153846153,13
Time-MoE,r0p5,20,0.3333333333333333,0.0031746031746031746,7.5,8
Time-MoE,r0p5,25,0.30952380952380953,0.0024429967426710096,7.800000000000001,5
Time-MoE,r0p5,30,0.3,0.001669449081803005,9.0,4
Sundial,r0p5,10,0.33663366336633666,0.004363636363636364,7.764705882352942,17
Sundial,r0p5,15,0.3157894736842105,0.0023006134969325155,7.5,10
Sundial,r0p5,20,0.24074074074074073,0.0015873015873015873,8.399999999999999,5
Sundial,r0p5,25,0.21428571428571427,0.0016286644951140066,10.0,3
Sundial,r0p5,30,0.225,0.0008347245409015025,10.0,3
CNNLSTM,r0p5,10,0.0891089108910891,0.0,4.5,6
CNNLSTM,r0p5,15,0.09210526315789473,0.0,5.25,4
CNNLSTM,r0p5,20,0.1111111111111111,0.0,6.0,3
CNNLSTM,r0p5,25,0.14285714285714285,0.0,6.0,3
CNNLSTM,r0p5,30,0.125,0.0,7.5,2
DiPCALSTM,r0p5,10,0.15841584158415842,0.002909090909090909,6.857142857142857,7
DiPCALSTM,r0p5,15,0.17105263157894737,0.003067484662576687,7.800000000000001,5
DiPCALSTM,r0p5,20,0.2037037037037037,0.0031746031746031746,8.25,4
DiPCALSTM,r0p5,25,0.21428571428571427,0.003257328990228013,9.0,3
DiPCALSTM,r0p5,30,0.225,0.00333889816360601,9.0,3
LSTMGRU,r0p5,10,0.04950495049504951,0.0007272727272727272,5.25,4
LSTMGRU,r0p5,15,0.039473684210526314,0.0007668711656441718,7.5,2
LSTMGRU,r0p5,20,0.05555555555555555,0.0007936507936507937,7.5,2
LSTMGRU,r0p5,25,0.07142857142857142,0.0008143322475570033,7.5,2
LSTMGRU,r0p5,30,0.075,0.0008347245409015025,7.5,2
STAConvBiLSTM,r0p5,10,0.5148514851485149,0.013818181818181818,8.16,25
STAConvBiLSTM,r0p5,15,0.5131578947368421,0.011503067484662576,8.25,16
STAConvBiLSTM,r0p5,20,0.5185185185185185,0.011904761904761904,9.0,11
STAConvBiLSTM,r0p5,25,0.5714285714285714,0.010586319218241042,9.666666666666668,9
STAConvBiLSTM,r0p5,30,0.575,0.010851419031719533,10.5,8
TCNTransformer,r0p5,10,0.44554455445544555,0.010181818181818183,7.25,24
TCNTransformer,r0p5,15,0.42105263157894735,0.00843558282208589,7.4,15
TCNTransformer,r0p5,20,0.37037037037037035,0.00873015873015873,7.5,10
TCNTransformer,r0p5,25,0.40476190476190477,0.008957654723127036,8.25,8
TCNTransformer,r0p5,30,0.4,0.009181969949916527,9.0,7
raw,r1p0,10,0.693069306930693,0.020363636363636365,9.321428571428571,28
raw,r1p0,15,0.6447368421052632,0.01763803680981595,9.333333333333334,18
raw,r1p0,20,0.6296296296296297,0.013492063492063493,9.461538461538462,13
raw,r1p0,25,0.6428571428571429,0.010586319218241042,9.600000000000001,10
raw,r1p0,30,0.65,0.01001669449081803,10.333333333333334,9
diff,r1p0,10,0.6732673267326733,0.016727272727272726,9.777777777777777,27
diff,r1p0,15,0.6710526315789473,0.014570552147239263,10.235294117647058,17
diff,r1p0,20,0.6851851851851852,0.011904761904761904,10.75,12
diff,r1p0,25,0.7380952380952381,0.008957654723127036,11.100000000000001,10
diff,r1p0,30,0.75,0.007512520868113523,12.0,9
diff2,r1p0,10,0.7128712871287128,0.07490909090909091,9.857142857142858,28
diff2,r1p0,15,0.7105263157894737,0.07438650306748466,10.333333333333334,18
diff2,r1p0,20,0.7222222222222222,0.07142857142857142,10.846153846153847,13
diff2,r1p0,25,0.7380952380952381,0.07084690553745929,11.399999999999999,10
diff2,r1p0,30,0.75,0.0709515859766277,12.333333333333332,9
union,r1p0,10,0.7920792079207921,0.08072727272727273,10.607142857142858,28
union,r1p0,15,0.7763157894736842,0.07975460122699386,10.833333333333334,18
union,r1p0,20,0.7962962962962963,0.07539682539682539,11.307692307692307,13
union,r1p0,25,0.8333333333333334,0.0741042345276873,12.0,10
union,r1p0,30,0.85,0.07345575959933222,13.0,9
Time-MoE,r1p0,10,0.39603960396039606,0.010181818181818183,7.428571428571429,21
Time-MoE,r1p0,15,0.3815789473684211,0.006901840490797546,7.153846153846153,13
Time-MoE,r1p0,20,0.3333333333333333,0.0031746031746031746,7.5,8
Time-MoE,r1p0,25,0.30952380952380953,0.0024429967426710096,7.800000000000001,5
Time-MoE,r1p0,30,0.3,0.001669449081803005,9.0,4
Sundial,r1p0,10,0.33663366336633666,0.004363636363636364,7.764705882352942,17
Sundial,r1p0,15,0.3157894736842105,0.0023006134969325155,7.5,10
Sundial,r1p0,20,0.24074074074074073,0.0015873015873015873,8.399999999999999,5
Sundial,r1p0,25,0.21428571428571427,0.0016286644951140066,10.0,3
Sundial,r1p0,30,0.225,0.0008347245409015025,10.0,3
CNNLSTM,r1p0,10,0.1188118811881188,0.002909090909090909,7.5,6
CNNLSTM,r1p0,15,0.14473684210526316,0.003067484662576687,8.399999999999999,5
CNNLSTM,r1p0,20,0.16666666666666666,0.0031746031746031746,9.0,4
CNNLSTM,r1p0,25,0.21428571428571427,0.003257328990228013,9.0,4
CNNLSTM,r1p0,30,0.2,0.00333889816360601,11.0,3
DiPCALSTM,r1p0,10,0.09900990099009901,0.0,4.714285714285714,7
DiPCALSTM,r1p0,15,0.10526315789473684,0.0,5.4,5
DiPCALSTM,r1p0,20,0.12962962962962962,0.0,6.0,4
DiPCALSTM,r1p0,25,0.11904761904761904,0.0,6.0,3
DiPCALSTM,r1p0,30,0.125,0.0,6.0,3
LSTMGRU,r1p0,10,0.0594059405940594,0.0,6.428571428571429,7
LSTMGRU,r1p0,15,0.05263157894736842,0.0,5.0,3
LSTMGRU,r1p0,20,0.07407407407407407,0.0,5.0,3
LSTMGRU,r1p0,25,0.047619047619047616,0.0,4.5,2
LSTMGRU,r1p0,30,0.05,0.0,4.5,2
STAConvBiLSTM,r1p0,10,0.5346534653465347,0.013818181818181818,8.222222222222223,27
STAConvBiLSTM,r1p0,15,0.5526315789473685,0.01303680981595092,8.666666666666666,18
STAConvBiLSTM,r1p0,20,0.5740740740740741,0.011904761904761904,9.461538461538462,13
STAConvBiLSTM,r1p0,25,0.6190476190476191,0.010586319218241042,10.2,10
STAConvBiLSTM,r1p0,30,0.625,0.01001669449081803,11.0,9
TCNTransformer,r1p0,10,0.44554455445544555,0.029818181818181817,7.800000000000001,20
TCNTransformer,r1p0,15,0.39473684210526316,0.029141104294478526,7.714285714285715,14
TCNTransformer,r1p0,20,0.35185185185185186,0.02857142857142857,8.333333333333332,9
TCNTransformer,r1p0,25,0.38095238095238093,0.025244299674267102,9.428571428571429,7
TCNTransformer,r1p0,30,0.375,0.022537562604340568,10.5,6
